ts,sensor_id,avg_temp,avg_humidity,count
1762410192.6669607,sensor_1,30.088,46.63533333333333,15
1762410192.6669607,sensor_2,25.950769230769232,52.72153846153846,13
1762410192.6669607,sensor_3,28.968181818181815,50.77136363636364,22
